first_collected_sgt,usep_sgd_per_mwh,demand_forecast_mw
2026-09-26T00:00:00+08:00,304.77,7033
2026-09-26T00:30:00+08:00,224.11,6923
2026-09-26T01:00:00+08:00,1082.1,6759
2026-09-26T01:30:00+08:00,535.54,6676
2026-09-26T02:00:00+08:00,818.22,6592
2026-09-26T02:30:00+08:00,675.58,6524
2026-09-26T03:00:00+08:00,505.28,6453
2026-09-26T03:30:00+08:00,420.51,6407
2026-09-26T04:00:00+08:00,675.38,6401
2026-09-26T04:30:00+08:00,688.83,6423
2026-09-26T05:00:00+08:00,728.46,6420
2026-09-26T05:30:00+08:00,817.94,6476
2026-09-26T06:00:00+08:00,419.77,6547
2026-09-26T06:30:00+08:00,986.21,6663
2026-09-26T07:00:00+08:00,996.01,6764
2026-09-26T07:30:00+08:00,1272.47,6887
2026-09-26T08:00:00+08:00,1281.06,7029
2026-09-26T08:30:00+08:00,819.1,6931
2026-09-26T09:00:00+08:00,202.28,6834
2026-09-26T09:30:00+08:00,178.98,6600
2026-09-26T10:00:00+08:00,188.14,6476
2026-09-26T10:30:00+08:00,187.8,6410
2026-09-26T11:00:00+08:00,180.83,6288
2026-09-26T11:30:00+08:00,178.87,6128
2026-09-26T12:00:00+08:00,178.93,6105
2026-09-26T12:30:00+08:00,132.58,6049
2026-09-26T13:00:00+08:00,178.94,6130
2026-09-26T13:30:00+08:00,180.51,6143
2026-09-26T14:00:00+08:00,187.9,6255
2026-09-26T14:30:00+08:00,95.48,5943
2026-09-26T15:00:00+08:00,188.99,6551
2026-09-26T15:30:00+08:00,182.25,6236
2026-09-26T16:00:00+08:00,188.98,6613
2026-09-26T16:30:00+08:00,4120.84,7234
2026-09-26T17:00:00+08:00,285.07,6921
2026-09-26T17:30:00+08:00,692.5,7073
2026-09-26T18:00:00+08:00,1295.05,7337
2026-09-26T18:30:00+08:00,2570.78,7495
2026-09-26T19:00:00+08:00,928.79,7564
2026-09-26T19:30:00+08:00,1094.62,7629
2026-09-26T20:00:00+08:00,1066.29,7656
2026-09-26T20:30:00+08:00,896.75,7672
2026-09-26T21:00:00+08:00,896.88,7648
2026-09-26T21:30:00+08:00,896.77,7658
2026-09-26T22:00:00+08:00,2580.36,7505
2026-09-26T22:30:00+08:00,1777.67,7407
2026-09-26T23:00:00+08:00,734.35,7234
2026-09-26T23:30:00+08:00,734.35,7106
