event_id,source_updated,period_start,nems_usep,emc_usep,nems_demand,emc_demand,price_match,demand_match,offset_-30_joint_match,offset_30_joint_match
4ac60fea8d7ea84420d170cf74767c633114f95bd5ba21e1601ec56df9874606,2026-09-29T00:01:00+08:00,2026-09-29T00:00:00+08:00,195.94,195.94,6509.0,6508.603,True,True,,False
8115d6228ea1531d255820bef8fdd8e4f4a28be4e0381da56ef4a157ade3f730,2026-09-29T00:31:00+08:00,2026-09-29T00:30:00+08:00,182.84,182.84,6381.0,6381.063,True,True,False,False
cf9dc7515191de302e23b1e2958cd8571c311601c29fa43c084f3092c7193d59,2026-09-29T01:01:00+08:00,2026-09-29T01:00:00+08:00,330.98,330.98,6445.0,6445.325,True,True,False,False
1c8df4fb1c41fbb6c33a0f3cd33232dc4410400e875b6fc6d7b4bacefa0b3a48,2026-09-29T01:31:00+08:00,2026-09-29T01:30:00+08:00,330.96,330.96,6376.0,6375.914,True,True,False,False
2153e246d8592c04f42705707cae9ab2f921d976a4dbdc53097903cb819f8388,2026-09-29T02:01:00+08:00,2026-09-29T02:00:00+08:00,424.57,424.57,6322.0,6321.850,True,True,False,False
856f617478f32a891e7289d6fe05e042937c497c44d661bbef12671dee49c171,2026-09-29T02:31:00+08:00,2026-09-29T02:30:00+08:00,469.18,469.18,6282.0,6281.588,True,True,False,False
744707cabffc4b29fb372675f40beff841d840272b4e130119de06f05edefa4f,2026-09-29T03:01:00+08:00,2026-09-29T03:00:00+08:00,469.16,469.16,6238.0,6237.533,True,True,False,False
fc70f74542f273b1ff3a697ee89c907f6e31905fd0bd8f2157cdb1e3d03d3056,2026-09-29T03:31:00+08:00,2026-09-29T03:30:00+08:00,469.16,469.16,6215.0,6215.114,True,True,False,False
e779495dbe6fa48c8e588e5dc6643914e69f46071bdacedac161936364bb7ac0,2026-09-29T04:01:00+08:00,2026-09-29T04:00:00+08:00,195.98,195.98,6228.0,6227.793,True,True,False,False
6a52c5bc560637e8eaadd9cbaba078e4274d6e5364a566ec05bd2b4041151906,2026-09-29T04:31:00+08:00,2026-09-29T04:30:00+08:00,469.15,469.15,6282.0,6282.119,True,True,False,False
acd08a9f6f509756674db56cef37466287a00c0481719075cf38fa3d148f36a6,2026-09-29T05:01:00+08:00,2026-09-29T05:00:00+08:00,537.76,537.76,6385.0,6385.237,True,True,False,False
c865949e7961de8be022497fc621466430a208e2219f3a4e9d70d3bd1bce628c,2026-09-29T05:31:00+08:00,2026-09-29T05:30:00+08:00,516.59,516.59,6538.0,6538.413,True,True,False,False
a3479f02a3912b4bab458641ea7c111c195164835f4d1faf726fdc6c95574330,2026-09-29T06:01:00+08:00,2026-09-29T06:00:00+08:00,714.27,714.27,6724.0,6723.983,True,True,False,False
7eeaf95c876e8f272bcecae00976319e685ee7a6ac078b25d1107e3f3ac993cf,2026-09-29T06:31:00+08:00,2026-09-29T06:30:00+08:00,722.87,722.87,6958.0,6958.103,True,True,False,False
3c6e4b551993b5ed8137f9520b0072285b8b9f463bb67d397ce00ee5dba3cff2,2026-09-29T07:01:00+08:00,2026-09-29T07:00:00+08:00,822.04,822.04,7169.0,7168.801,True,True,False,False
b24c1511a692cd469809d1e8e31787b12a5d25903a548a53ef50880a6918ebbe,2026-09-29T07:31:00+08:00,2026-09-29T07:30:00+08:00,913.39,913.39,7365.0,7364.526,True,True,False,False
07f38113b07b02f0b7f9eb8ed19c72d1b566d74be39aaba547ddff475f95e3e9,2026-09-29T08:01:00+08:00,2026-09-29T08:00:00+08:00,719.64,719.64,7496.0,7496.356,True,True,False,False
ef5aaaee6f074d2b19490bda9bb33e071d11372ad02ff7d1410913538057ca0a,2026-09-29T08:31:00+08:00,2026-09-29T08:30:00+08:00,246.14,246.14,7527.0,7526.568,True,True,False,False
ced3f139839fb82d6f3e3057de983b8c1b37af84f31f1f1039efc70a5a4af67a,2026-09-29T09:01:00+08:00,2026-09-29T09:00:00+08:00,196.33,196.33,7384.0,7384.053,True,True,False,False
600df31f1b67d72002db68fd04aa3df96867aa7ab23b323fe14c98201bcb8ced,2026-09-29T09:31:00+08:00,2026-09-29T09:30:00+08:00,185.79,185.79,7209.0,7209.407,True,True,False,False
fed1aa35b6494546c4fc24727eef4780e56a8e042c0eaab38ebed589f4731543,2026-09-29T10:01:00+08:00,2026-09-29T10:00:00+08:00,146.27,146.27,6994.0,6994.137,True,True,False,False
d1755cd797e110d2015666db3e6f1cd305e4b461a729505b97a6261684f61f00,2026-09-29T10:31:00+08:00,2026-09-29T10:30:00+08:00,126.22,126.22,6738.0,6738.356,True,True,False,False
0e90615ec549eca6a2fe24464209815e69a34206e01d9dafa71115344c683523,2026-09-29T11:01:00+08:00,2026-09-29T11:00:00+08:00,125.84,125.84,6540.0,6539.566,True,True,False,False
be154e6b27b769e6528ff6c286f9ed18357123c13a6613eacaebf845c57c5bbd,2026-09-29T11:31:00+08:00,2026-09-29T11:30:00+08:00,120.76,120.76,6481.0,6481.471,True,True,False,
